team,player,gms_played,min_played,usage_pct,fgm,fga,fg_pct,two_pt_m,two_pt_att,two_pt_pct,eff_fg_pct,ftm,fta,ft_pct,ft_rate,pts
ATL,Lou Williams,56,799,21.7,2.2,5.7,0.391,1.6,3.9,0.404,0.448,1.2,1.4,0.859,0.244,6.3
ATL,Timothé Luwawu-Cabarrot,52,685,14.3,1.4,3.6,0.398,0.6,1.2,0.469,0.516,0.7,0.8,0.854,0.22,4.4
ATL,Delon Wright,77,1452,10.3,1.6,3.5,0.454,1,2,0.51,0.535,0.7,0.8,0.857,0.234,4.4
ATL,Cameron Oliver,2,43,16.6,5,7.5,0.667,4.5,6,0.75,0.7,1,1.5,0.667,0.2,11.5
ATL,Onyeka Okongwu,48,992,14,3.3,4.7,0.69,3.3,4.7,0.69,0.69,1.7,2.3,0.727,0.487,8.2
ATL,Solomon Hill,13,139,6.6,0.2,1.5,0.15,0.1,0.5,0.143,0.2,0,0,,0,0.6
ATL,Cat Barber,3,13,22.7,0,1.3,0,0,1.3,0,0,0,1.3,0,1,0
ATL,Sharife Cooper,13,39,21.3,0.2,1.1,0.214,0.2,0.6,0.25,0.25,0,0,,0,0.5
ATL,Jalen Johnson,22,120,19.3,1,1.9,0.537,0.9,1.3,0.679,0.573,0.2,0.3,0.714,0.171,2.4
ATL,Gorgui Dieng,44,371,16.9,1.2,2.5,0.473,0.5,1,0.545,0.603,0.4,0.6,0.731,0.232,3.5
ATL,Skylar Mays,28,220,15.5,1.1,2.3,0.5,0.9,1.4,0.615,0.563,0.3,0.3,0.889,0.141,2.9
ATL,Danilo Gallinari,66,1672,18.4,3.9,9,0.434,2.2,4.6,0.485,0.528,2.1,2.4,0.904,0.261,11.7
ATL,Malcolm Hill,19,212,11.45,1.45,2.75,0.5285,0.65,0.9,0.6795,0.679,0.85,0.95,0.85,0.3635,4.55
ATL,Trae Young,76,2652,34.4,9.4,20.3,0.46,6.3,12.3,0.512,0.536,6.6,7.3,0.904,0.358,28.4
ATL,Lance Stephenson,46,814,17.45,2.2,5,0.4215,1.85,3.65,0.508,0.4435,0.9,1.15,0.6475,0.203,5.55
ATL,Kevin Knox,30,222,20.05,1.05,2.85,0.3655,0.5,1,0.498,0.4555,0.5,0.75,0.725,0.2585,3.15
ATL,Chaundee Brown Jr.,5,104,15.5,1.75,5.9,0.2515,0.75,2.65,0.275,0.3115,0.85,1,0.833,0.12,5.35
ATL,John Collins,54,1663,20.5,6.3,11.9,0.526,5.1,8.7,0.588,0.576,2.5,3.1,0.793,0.262,16.2
ATL,Clint Capela,74,2042,15.5,5,8.2,0.613,5,8.1,0.614,0.613,1.1,2.3,0.473,0.28,11.1
ATL,Cam Reddish,49,1012,21,2.95,7.2,0.4085,1.85,3.95,0.49,0.482,2,2.25,0.903,0.3625,9
ATL,Bogdan Bogdanović,63,1848,21.6,5.4,12.6,0.431,2.7,5.3,0.516,0.537,1.5,1.8,0.843,0.145,15.1
ATL,De'Andre Hunter,53,1577,19.9,4.8,10.8,0.442,3.4,7.2,0.474,0.506,2.4,3.1,0.765,0.289,13.4
ATL,Kevin Huerter,74,2188,17.5,4.7,10.3,0.454,2.5,4.7,0.53,0.559,0.6,0.7,0.808,0.068,12.1
ATL,Wes Iwundu,3,82,11.1,2.7,6,0.444,1.7,4.3,0.385,0.528,1,1.3,0.75,0.222,7.3
BOS,Kelan Martin,30,450,20.05,1.3,3.6,0.2085,0.9,2.1,0.2555,0.241,0.15,0.25,0.692,0.0385,3.15
BOS,Joe Johnson,1,2,22,1,1,1,1,1,1,1,0,0,,0,2
BOS,Jayson Tatum,76,2731,32.1,9.3,20.6,0.453,6.3,12,0.524,0.526,5.3,6.2,0.853,0.3,26.9
BOS,Justin Jackson,7,37,29.9,0.4,1.65,0.1785,0.15,0.9,0.2,0.232,1,1,1,1,2.1
BOS,Nik Stauskas,8,39,20.6,0.9,2.5,0.354,0.25,1,0.25,0.5,0.85,1.15,0.625,0.4165,3.35
BOS,Bruno Fernando,30,152,21.2,1.65,2.4,0.6035,1.6,2.35,0.5935,0.6215,0.65,1.1,0.6895,0.41,3.95
BOS,Jaylen Brown,66,2220,30.5,8.7,18.4,0.473,6.2,11.4,0.544,0.541,3.7,4.8,0.758,0.261,23.6
BOS,C.J. Miles,1,2,0,0,0,,0,0,,,0,0,,,0
BOS,Romeo Langford,48,771,11.65,1.4,3,0.5,1.05,1.8,0.6475,0.5395,0.65,1.4,0.4815,0.664,3.75
BOS,Grant Williams,77,1875,12.6,2.7,5.6,0.475,1.3,2.3,0.569,0.597,1.1,1.2,0.905,0.22,7.8
BOS,Josh Richardson,65,1600,18,3.7,8.45,0.436,2,4.55,0.4485,0.534,1.55,1.7,0.9025,0.2005,10.55
BOS,Payton Pritchard,71,1001,18.6,2.3,5.3,0.429,0.8,1.8,0.461,0.564,0.3,0.3,1,0.056,6.2
BOS,Daniel Theis,47,977,16.15,3.2,6.1,0.5335,2.5,3.9,0.6445,0.5885,1,1.5,0.6815,0.2545,8.15
BOS,Dennis Schröder,64,1837,21.85,4.45,10.6,0.4165,3.15,6.75,0.462,0.479,2.4,2.8,0.86,0.2635,12.65
BOS,Robert Williams,61,1804,11.5,4.4,6,0.736,4.4,6,0.738,0.736,1.1,1.5,0.722,0.245,10
BOS,Al Horford,69,2005,14.8,3.9,8.2,0.467,2.6,4.4,0.582,0.546,1.2,1.4,0.842,0.167,10.2
BOS,Derrick White,75,2199,19.45,4.3,10.2,0.4175,2.8,5.5,0.5115,0.49,2.65,3.1,0.861,0.3035,12.7
BOS,Enes Freedom,35,411,13.9,1.5,2.8,0.526,1.4,2.6,0.533,0.536,0.7,0.8,0.857,0.289,3.7
BOS,Matt Ryan,1,5,44,1,5,0.2,0,0,,0.3,0,0,,0,3
BOS,Juancho Hernangómez,40,445,12.76666667,0.966666667,2.333333333,0.341666667,0.466666667,0.866666667,0.509666667,0.408333333,0.5,0.833333333,0.631,0.429333333,2.9
BOS,Jabari Parker,12,112,19.6,1.5,3.2,0.474,0.8,1.8,0.455,0.579,0.8,0.8,1,0.237,4.4
BOS,Sam Hauser,26,158,14.5,0.9,1.9,0.46,0.2,0.2,0.667,0.65,0,0,,0,2.5
BOS,Aaron Nesmith,52,574,17.2,1.4,3.5,0.396,0.8,1.3,0.612,0.481,0.4,0.5,0.808,0.143,3.8
BOS,Brodric Thomas,12,60,19.2,0.7,1.5,0.444,0.5,0.8,0.667,0.5,0.3,0.4,0.6,0.278,1.8
BOS,Luke Kornet,15,103,14.8,0.5,1.766666667,0.257,0.5,1.466666667,0.318666667,0.257,0.4,0.6,0.667,0.247666667,1.4
BOS,Malik Fitts,15,63,14.7,0.55,1.3,0.411,0.2,0.6,0.375,0.5415,0,0,,0,1.4
BOS,Marcus Smart,71,2296,18.3,4.2,10.1,0.418,2.5,5,0.506,0.501,2,2.5,0.793,0.249,12.1
BOS,Juwan Morgan,2,31,2.4,1,1.5,0.667,0.5,0.5,1,0.833,0,0,,0,2.5
BRK,Blake Griffin,56,958,16.9,2.4,5.6,0.425,1.7,3,0.565,0.486,1,1.4,0.724,0.243,6.4
BRK,Seth Curry,64,2135,18.5,5.6,11.4,0.489,2.95,5.4,0.545,0.605,1.15,1.35,0.867,0.119,14.95
BRK,Day'Ron Sharpe,32,391,21.7,2.7,4.7,0.577,2.6,4.4,0.592,0.584,0.8,1.3,0.585,0.275,6.2
BRK,Shaquille Harrison,2,23,15,1,3,0.333,1,2,0.5,0.333,0,0,,0,2
BRK,Cam Thomas,67,1176,22.1,3.3,7.5,0.433,2.6,4.9,0.52,0.48,1.3,1.6,0.829,0.209,8.5
BRK,Kessler Edwards,48,987,13.8,2.3,5.6,0.412,1.3,2.7,0.473,0.502,0.3,0.4,0.842,0.071,5.9
BRK,Nic Claxton,47,974,15.1,3.8,5.6,0.674,3.8,5.6,0.674,0.674,1.1,2,0.581,0.352,8.7
BRK,Jevon Carter,66,905,13.4,1.65,3.9,0.4195,0.55,1.4,0.392,0.556,0.3,0.3,0.85,0.079,4.6
BRK,James Johnson,62,1191,13.7,2.3,5,0.469,2,3.6,0.545,0.507,0.5,0.9,0.527,0.179,5.5
BRK,LaMarcus Aldridge,47,1050,22.4,5.4,9.7,0.55,5.1,8.8,0.578,0.566,1.9,2.2,0.873,0.223,12.9
BRK,James Harden,65,2419,26.6,6.05,14.8,0.408,3.8,8,0.476,0.4845,7.4,8.45,0.8805,0.573,21.75
BRK,James Ennis III,7,56,22.13333333,1.733333333,3.666666667,0.418333333,1.233333333,2.433333333,0.471333333,0.472333333,0.666666667,0.766666667,0.5,0.177,4.6
BRK,Kevin Durant,55,2047,31.2,10.5,20.3,0.518,8.4,14.8,0.568,0.57,6.8,7.4,0.91,0.367,29.9
BRK,Andre Drummond,73,1437,19.55,3.8,6.5,0.574,3.8,6.45,0.5775,0.574,1.35,2.55,0.5245,0.383,8.95
BRK,Joe Harris,14,423,14.5,4,8.9,0.452,1.1,2.6,0.417,0.617,0.4,0.4,0.833,0.048,11.3
BRK,David Duke Jr.,22,341,15.9,1.8,4.9,0.361,1.4,3.2,0.423,0.403,0.8,1,0.81,0.194,4.7
BRK,Wenyen Gabriel,26,358,11.5,1.133333333,2.433333333,0.445,0.933333333,1.733333333,0.478,0.499,0.5,0.9,0.5525,0.35,3
BRK,Paul Millsap,33,376,16.95,1.35,3.4,0.4045,1.15,2.4,0.474,0.4395,0.55,0.75,0.71,0.2165,3.55
BRK,Patty Mills,81,2346,16.4,4,9.8,0.408,1.2,2.8,0.429,0.551,0.6,0.7,0.814,0.074,11.4
BRK,Kyrie Irving,29,1091,29.4,10,21.2,0.469,6.5,13,0.501,0.55,4.1,4.4,0.915,0.209,27.4
BRK,Bruce Brown,72,1774,15,3.6,7,0.506,3,5.7,0.529,0.543,1.3,1.8,0.758,0.253,9
BRK,Langston Galloway,7,107,12.75,0.8,3.8,0.231,0.55,1.5,0.4,0.2695,0,0,,0,1.85
BRK,DeAndre' Bembry,56,1026,8.35,1.45,2.7,0.4715,1.3,2.35,0.487,0.489,0.2,0.35,0.6,0.082,3.3
BRK,Goran Dragić,21,498,17.8,2.7,7.05,0.379,1.9,4.15,0.4605,0.434,1.55,1.7,0.8695,0.2455,7.65
CHI,Derrick Jones Jr.,51,899,12.5,2.1,3.8,0.538,1.7,2.6,0.634,0.59,1.1,1.4,0.8,0.359,5.6
CHI,Devon Dotson,11,85,16.6,1,2.1,0.478,0.8,1.3,0.643,0.522,0.5,0.8,0.556,0.391,2.6
CHI,Alex Caruso,41,1147,13.3,2.5,6.2,0.398,1.5,3.2,0.462,0.48,1.4,1.8,0.795,0.285,7.4
CHI,Tony Bradley,55,549,13.6,1.3,2.2,0.585,1.3,2.2,0.585,0.585,0.3,0.5,0.655,0.236,3
CHI,Nikola Vučević,73,2418,24.5,7.5,15.8,0.473,6.1,11.3,0.537,0.518,1.3,1.7,0.76,0.105,17.6
CHI,Tyler Cook,20,200,13,1.2,1.9,0.605,1.2,1.9,0.605,0.605,1.1,1.6,0.656,0.842,3.4
CHI,Ayo Dosunmu,77,2110,14.1,3.6,6.9,0.52,2.7,4.5,0.596,0.585,0.7,1,0.679,0.146,8.8
CHI,Coby White,61,1675,19.8,4.6,10.6,0.433,2.3,4.8,0.491,0.539,1.3,1.5,0.857,0.141,12.7
CHI,Patrick Williams,17,422,14.2,3.2,6,0.529,2.3,4.3,0.534,0.603,1.8,2.4,0.732,0.402,9
CHI,Alfonzo McKinnie,17,206,15.3,1.4,3.6,0.393,0.9,2,0.441,0.467,0.1,0.5,0.25,0.131,3.5
CHI,DeMar DeRozan,76,2743,31.8,10.2,20.2,0.504,9.5,18.3,0.52,0.521,6.8,7.8,0.877,0.386,27.9
CHI,Matt Thomas,40,459,14.5,1.4,3.4,0.41,0.5,1.1,0.465,0.541,0.4,0.5,0.8,0.149,4
CHI,Javonte Green,65,1519,11.5,2.7,5,0.542,2.2,3.4,0.625,0.597,1.2,1.5,0.833,0.295,7.2
CHI,Jordan Bell,1,2,0,0,0,,0,0,,,0,0,,,0
CHI,Lonzo Ball,35,1212,17.4,4.6,10.9,0.423,1.5,3.5,0.423,0.567,0.6,0.8,0.75,0.073,13
CHI,Zach LaVine,67,2328,28.8,8.4,17.7,0.476,5.7,10.6,0.534,0.554,4.8,5.6,0.853,0.316,24.4
CHI,Marko Simonovic,9,35,27.5,0.4,1.7,0.267,0.3,1.1,0.3,0.3,0.9,1.2,0.727,0.733,1.9
CHI,Mac McClung,2,25,21.95,1.5,3,0.7,1,1.5,0.75,0.75,0.5,0.5,1,0.1,4
CHI,Troy Brown Jr.,66,1055,12.3,1.6,3.9,0.419,0.9,1.9,0.488,0.51,0.3,0.4,0.769,0.101,4.3
CHI,Tristan Thompson,57,897,18.2,2.7,5,0.536666667,2.7,4.966666667,0.54,0.538,1,2.033333333,0.483333333,0.417333333,6.4
CHI,Alize Johnson,23,167,18.43333333,0.766666667,1.966666667,0.385,0.766666667,1.7,0.457,0.385,0.366666667,0.566666667,0.440333333,0.290333333,1.8
CHO,Nick Richards,50,367,15.4,1.2,1.8,0.667,1.2,1.8,0.667,0.667,0.6,0.9,0.698,0.478,3
CHO,James Bouknight,31,304,23.7,1.6,4.5,0.348,1,3,0.348,0.408,0.9,1,0.871,0.22,4.6
CHO,JT Thor,33,262,12,0.7,1.7,0.436,0.5,0.8,0.607,0.5,0.4,0.6,0.6,0.364,2
CHO,Vernon Carey Jr.,7,44,21.45,1.05,1.9,0.5355,1.05,1.9,0.5355,0.5355,0.9,2.05,0.5335,0.9645,3
CHO,Isaiah Thomas,22,333,25,3.033333333,8.3,0.372,2.166666667,4.3,0.493333333,0.425333333,0.933333333,1.233333333,0.83,0.135666667,7.866666667
CHO,Mason Plumlee,73,1793,11.7,2.8,4.4,0.641,2.8,4.4,0.645,0.641,0.9,2.3,0.392,0.534,6.5
CHO,Arnoldas Kulboka,2,5,8.5,0,0.5,0,0,0,,0,0,0,,0,0
CHO,Scottie Lewis,2,7,5.3,0,0,,0,0,,,0.5,1,0.5,,0.5
CHO,Kai Jones,21,63,15.9,0.4,0.7,0.643,0.4,0.6,0.667,0.679,0.1,0.4,0.375,0.571,1
CHO,P.J. Washington,65,1768,15.6,3.8,8.2,0.47,2.2,3.6,0.606,0.573,0.9,1.2,0.716,0.152,10.3
CHO,Cody Martin,71,1866,12.1,2.9,6,0.482,2,3.7,0.542,0.554,1.1,1.5,0.701,0.253,7.7
CHO,Gordon Hayward,49,1564,20.7,5.8,12.6,0.459,4,8.1,0.496,0.528,2.6,3,0.846,0.241,15.9
CHO,Terry Rozier,73,2458,23.2,7.1,16,0.444,4.1,7.9,0.516,0.539,2.1,2.4,0.852,0.151,19.3
CHO,LaMelo Ball,75,2422,28.2,7.2,16.7,0.429,4.2,9.2,0.462,0.517,2.8,3.2,0.872,0.194,20.1
CHO,Kelly Oubre Jr.,76,1999,23,5.4,12.3,0.44,2.9,5,0.578,0.542,1.7,2.5,0.667,0.203,15
CHO,Ish Smith,65,1126,20,3,6.9,0.426,2.6,5.8,0.436,0.455,0.2,0.35,0.616,0.0615,6.55
CHO,Jalen McDaniels,55,895,15.3,2.2,4.6,0.484,1.5,2.7,0.562,0.565,1,1.3,0.736,0.283,6.2
CHO,Miles Bridges,80,2837,22.6,7.5,15.2,0.491,5.5,9.4,0.59,0.554,3.3,4.2,0.802,0.274,20.2
CHO,Montrezl Harrell,71,1641,19.9,4.9,7.6,0.645,4.85,7.4,0.6565,0.6475,2.85,4.05,0.7095,0.532,12.75
CLE,Kevin Love,74,1665,25.1,4.4,10.3,0.43,1.9,3.8,0.493,0.553,2.2,2.7,0.838,0.26,13.6
CLE,Collin Sexton,11,316,27.9,6.2,13.7,0.45,5.2,9.6,0.538,0.487,2.6,3.5,0.744,0.258,16
CLE,Tim Frazier,12,208,17.55,0.9,2.65,0.401,0.6,1.8,0.3845,0.436,0.25,0.45,0.556,0.1045,2.35
CLE,Ricky Rubio,34,970,24.9,4.4,12.1,0.363,2.6,7,0.38,0.434,2.6,3,0.854,0.251,13.1
CLE,Rajon Rondo,39,698,15.95,1.7,4.45,0.3765,0.9,2.25,0.417,0.459,0.5,0.6,0.625,0.1285,4.65
CLE,Isaac Okoro,67,1981,12.4,3.1,6.4,0.48,2.3,4.1,0.555,0.544,1.8,2.3,0.768,0.36,8.8
CLE,Denzel Valentine,24,222,15.05,1,2.4,0.4355,0.35,0.65,0.639,0.5705,0,0,,0,2.7
CLE,Evan Mobley,69,2331,20.4,6.1,12,0.508,5.8,10.7,0.541,0.522,2.4,3.7,0.663,0.304,15
CLE,Darius Garland,68,2430,27.8,8,17.3,0.462,5.4,10.6,0.512,0.536,3.2,3.5,0.892,0.205,21.7
CLE,Caris LeVert,58,1781,24.55,6.2,14.05,0.441,4.9,9.9,0.493,0.4885,2.3,3.1,0.7525,0.219,16.15
CLE,Lauri Markkanen,61,1878,19.5,5.1,11.5,0.445,2.9,5.3,0.548,0.542,2.3,2.6,0.868,0.226,14.8
CLE,Jarrett Allen,56,1810,18.1,6.6,9.7,0.677,6.6,9.6,0.688,0.678,2.9,4.2,0.708,0.428,16.1
CLE,Ed Davis,31,201,6,0.4,0.5,0.688,0.4,0.5,0.688,0.688,0.2,0.5,0.429,0.875,0.9
CLE,Kevin Pangos,24,166,14.6,0.6,1.9,0.326,0.4,0.8,0.45,0.391,0.1,0.2,0.75,0.087,1.6
CLE,Malik Newman,1,8,38.1,3,5,0.6,3,4,0.75,0.6,2,2,1,0.4,8
CLE,RJ Nembhard Jr.,14,63,16,0.4,1.3,0.333,0.4,1.1,0.375,0.333,0.2,0.3,0.75,0.222,1.1
CLE,Tacko Fall,11,59,13.6,0.5,1.1,0.417,0.5,1.1,0.417,0.417,0.2,0.6,0.286,0.583,1.1
CLE,Tre Scott,2,11,24.1,1.5,3,0.5,1.5,2.5,0.6,0.5,0,0,,0,3
CLE,Lamar Stevens,63,1015,17.1,2.5,5.1,0.489,2.2,4,0.543,0.517,0.8,1.2,0.707,0.235,6.1
CLE,Dean Wade,51,980,11.1,1.9,4.3,0.456,0.9,1.5,0.64,0.574,0.4,0.6,0.667,0.138,5.3
CLE,Cedi Osman,66,1462,21.1,3.7,8.7,0.432,1.8,3.2,0.559,0.544,1.3,2,0.664,0.229,10.7
CLE,Dylan Windler,50,459,11.8,0.7,2,0.378,0.3,0.6,0.571,0.485,0.3,0.4,0.833,0.184,2.2
CLE,Moses Brown,40,345,20.7,1.8,3,0.589,1.8,3,0.589,0.589,1.05,1.9,0.59,0.68,4.75
CLE,Justin Anderson,16,316,13.45,1.9,4.7,0.434,1.1,1.65,0.7795,0.534,0.95,1.25,0.775,0.336,5.55
CLE,Brandon Goodwin,36,502,18.2,1.8,4.3,0.416,1.3,2.8,0.455,0.477,0.7,1.1,0.632,0.247,4.8
DAL,Dāvis Bertāns,56,807,17.15,1.8,4.85,0.363,0.4,0.8,0.4815,0.5045,0.6,0.7,0.8665,0.1355,5.5
DAL,Theo Pinson,19,148,14.7,0.7,2.1,0.359,0.2,0.5,0.444,0.487,0.5,0.5,1,0.256,2.5
DAL,Boban Marjanović,23,128,33.3,1.8,3,0.6,1.8,2.9,0.621,0.607,0.6,1,0.591,0.314,4.3
DAL,Sterling Brown,49,628,13.2,1.2,3.2,0.381,0.6,1.3,0.492,0.471,0.3,0.3,0.933,0.097,3.3
DAL,Trey Burke,42,441,25.6,2,5.1,0.391,1.4,3.2,0.436,0.451,0.5,0.5,0.87,0.107,5.1
DAL,Marquese Chriss,34,346,21.5,1.8,3.9,0.463,1.6,3.2,0.495,0.493,0.6,1,0.667,0.246,4.5
DAL,George King,4,19,16.3,0,1.3,0,0,0.3,0,0,0.3,0.5,0.5,0.4,0.3
DAL,Eugene Omoruyi,4,18,16.9,0.5,1.3,0.4,0.3,0.8,0.333,0.5,0.5,1,0.5,0.8,1.8
DAL,Moses Wright,4,14,9.2,0.15,0.65,0.25,0.15,0.5,0.333,0.25,0.5,0.5,1,0.75,0.85
DAL,JaQuori McLaughlin,4,11,8.2,0,0.5,0,0,0.3,0,0,0,0,,0,0
DAL,Brandon Knight,5,65,22.5,2,5,0.4,1.2,1.6,0.75,0.48,1.6,1.6,1,0.32,6.4
DAL,Carlik Jones,5,23,23.85,0.25,1.65,0.25,0.25,1.5,0.25,0.25,0.35,0.35,1,0.143,0.85
DAL,Josh Green,67,1039,13.9,1.9,3.8,0.508,1.5,2.7,0.573,0.563,0.5,0.7,0.689,0.176,4.8
DAL,Reggie Bullock,68,1902,13.3,3,7.4,0.401,0.9,1.6,0.55,0.542,0.6,0.7,0.833,0.096,8.6
DAL,Kristaps Porziņģis,51,1481,30,6.95,15.05,0.463,5.4,10.25,0.5295,0.515,5.1,5.9,0.868,0.3915,20.65
DAL,Dwight Powell,82,1798,14,3.3,4.9,0.671,3.1,4.4,0.703,0.687,2,2.6,0.783,0.529,8.7
DAL,Tim Hardaway Jr.,42,1245,22,5,12.6,0.394,2.5,5.4,0.473,0.491,1.9,2.5,0.757,0.194,14.2
DAL,Maxi Kleber,59,1450,13.3,2.4,6,0.398,1,1.7,0.586,0.516,0.8,1.1,0.708,0.184,7
DAL,Charlie Brown Jr.,22,177,13.5,0.4,1.75,0.2325,0.35,1,0.41,0.2395,0.25,0.25,0.9,0.147,1.1
DAL,Luka Dončić,65,2301,37.4,9.9,21.6,0.457,6.8,12.8,0.528,0.529,5.6,7.5,0.744,0.349,28.4
DAL,Frank Ntilikina,58,685,17.4,1.5,3.8,0.399,0.9,1.9,0.455,0.484,0.4,0.4,0.96,0.112,4.1
DAL,Willie Cauley-Stein,20,183,5.45,0.45,0.95,0.457,0.4,0.9,0.455,0.471,0.05,0.05,0.5,0.057,0.95
DAL,Dorian Finney-Smith,80,2644,13.8,4.1,8.7,0.471,1.9,3.2,0.599,0.595,0.7,1,0.675,0.12,11
DAL,Jalen Brunson,79,2524,21.9,6.4,12.8,0.502,5.2,9.6,0.545,0.549,2.3,2.7,0.84,0.211,16.3
DAL,Spencer Dinwiddie,67,1980,21.65,4.75,10.9,0.437,3,6,0.5,0.5155,3,4,0.768,0.37,14.2
DEN,Will Barton,71,2277,20.8,5.5,12.6,0.438,3.3,6.6,0.504,0.525,1.4,1.8,0.803,0.142,14.7
DEN,Bones Hyland,69,1310,23.8,3.3,8.3,0.403,1.4,3.1,0.465,0.518,1.6,1.8,0.856,0.219,10.1
DEN,Facundo Campazzo,65,1184,14.7,1.6,4.6,0.361,0.8,1.6,0.476,0.459,0.9,1.2,0.769,0.264,5.1
DEN,Monte Morris,75,2239,17.4,5,10.3,0.484,3.3,6.1,0.545,0.564,1,1.1,0.869,0.109,12.6
DEN,Rayjon Tucker,5,71,7.6,1.4,2.1,0.607,0.5,1,0.5,0.8395,1,1.4,0.7085,1.2145,4.75
DEN,Austin Rivers,67,1480,12.6,2.2,5.2,0.417,1,1.8,0.563,0.53,0.5,0.7,0.727,0.126,6
DEN,Jeff Green,75,1849,16.3,3.7,7.1,0.524,3,4.8,0.62,0.574,2.2,2.6,0.833,0.374,10.3
DEN,JaMychal Green,67,1085,17.2,2.4,4.9,0.486,1.9,3,0.621,0.537,1.2,1.4,0.871,0.284,6.4
DEN,PJ Dozier,18,340,15.2,2,5.5,0.364,1.2,2.8,0.412,0.439,0.6,0.7,0.769,0.131,5.4
DEN,Michael Porter Jr.,9,265,19.7,4.1,11.4,0.359,3,6.1,0.491,0.408,0.6,1,0.556,0.087,9.9
DEN,Markus Howard,31,176,29.4,1.3,3.3,0.386,0.4,1,0.355,0.525,0.6,0.7,0.87,0.228,4.1
DEN,Davon Reed,48,668,12.1,1.7,3.4,0.503,0.9,1.6,0.587,0.618,0.2,0.3,0.667,0.093,4.4
DEN,Petr Cornelie,13,38,24,0.4,1.2,0.333,0.3,0.5,0.571,0.367,0.2,0.3,0.75,0.267,1.1
DEN,Vlatko Čančar,15,176,14,1.5,2.7,0.561,1.1,1.9,0.552,0.646,0.6,0.9,0.643,0.341,4.1
DEN,Zeke Nnaji,41,698,14.9,2.3,4.5,0.516,1.4,2.6,0.557,0.616,1,1.6,0.631,0.349,6.6
DEN,DeMarcus Cousins,48,718,27.15,3.1,6.75,0.461,2.4,4.2,0.565,0.518,1.95,2.5,0.776,0.372,9
DEN,Bol Bol,14,81,18,1.1,1.9,0.556,1,1.6,0.609,0.574,0.1,0.4,0.4,0.185,2.4
DEN,Nikola Jokić,74,2476,31.9,10.3,17.7,0.583,9,13.8,0.652,0.62,5.1,6.3,0.81,0.357,27.1
DEN,Bryn Forbes,75,1286,21.1,3.05,7.15,0.428,1.45,3.2,0.446,0.542,1.05,1.15,0.9095,0.161,8.85
DEN,Aaron Gordon,75,2376,19.7,5.8,11.1,0.52,4.6,7.7,0.605,0.573,2.3,3.1,0.743,0.276,15
DET,Hamidou Diallo,58,1269,21.8,4.5,9.1,0.496,4.1,7.5,0.55,0.518,1.6,2.4,0.65,0.266,11
DET,Frank Jackson,53,1164,20.9,3.7,9.1,0.402,2,3.8,0.529,0.491,1.6,2,0.827,0.215,10.6
DET,Cory Joseph,65,1600,14.3,2.7,6.2,0.445,1.7,3.7,0.465,0.526,1.5,1.7,0.885,0.283,8
DET,Kelly Olynyk,40,764,21.5,3.2,7.2,0.448,2.2,4.2,0.527,0.517,1.7,2.2,0.775,0.311,9.1
DET,Carsen Edwards,4,79,19.2,2.3,7.5,0.3,1.3,3.5,0.357,0.367,0.3,0.3,1,0.033,5.8
DET,Isaiah Livers,19,383,12.4,2.2,4.7,0.456,0.7,1.4,0.538,0.606,0.6,0.7,0.857,0.156,6.4
DET,Cade Cunningham,64,2088,27.5,6.7,16.1,0.416,4.9,10.4,0.472,0.471,2.2,2.6,0.845,0.163,17.4
DET,Saddiq Bey,82,2704,21.3,5.5,13.9,0.396,2.9,6.4,0.454,0.489,2.6,3.1,0.827,0.224,16.1
DET,Derrick Walton,3,108,15.4,2,8.7,0.231,1,4.3,0.231,0.288,1.3,1.3,1,0.154,6.3
DET,Killian Hayes,66,1647,15.7,2.7,7,0.383,2,4.4,0.452,0.431,0.9,1.1,0.77,0.161,6.9
DET,Isaiah Stewart,71,1816,14.6,3.5,6.9,0.51,3.3,6.3,0.529,0.526,1,1.5,0.718,0.21,8.3
DET,Jerami Grant,47,1500,25.7,6.3,14.9,0.426,4.4,9.5,0.465,0.491,4.6,5.5,0.838,0.371,19.2
DET,Micah Potter,3,31,17.8,1.7,3.7,0.455,1.7,3,0.556,0.455,0.7,0.7,1,0.182,4
DET,Marvin Bagley III,48,1153,20,5,9.65,0.509,4.5,7.65,0.581,0.5345,1.5,2.3,0.669,0.2305,11.95
DET,Jamorko Pickett,13,176,13.6,1.4,3.8,0.36,0.4,0.8,0.455,0.49,0.1,0.2,0.5,0.04,3.8
DET,Cheick Diallo,3,31,16.1,1,2.7,0.375,1,2.7,0.375,0.375,1.7,2,0.833,0.75,3.7
DET,Josh Jackson,51,830,21.25,2,5.25,0.3785,1.55,3.1,0.4835,0.424,1.15,1.6,0.714,0.326,5.7
DET,Trey Lyles,75,1537,20.05,3.5,7.45,0.4725,2.65,4.75,0.5535,0.533,2.55,3.15,0.8175,0.417,10.5
DET,Trayvon Palmer,1,17,5,0,1,0,0,1,0,0,0,0,,0,0
DET,Rodney McGruder,51,754,14.8,1.9,4.4,0.436,0.8,1.5,0.506,0.564,0.4,0.5,0.731,0.116,5.4
DET,Deividas Sirvydis,3,27,15.9,0.3,3.3,0.1,0,1,0,0.15,0,0,,0,1
DET,Jaysean Paige,1,7,24.5,0,3,0,0,1,0,0,0,0,,0,0
DET,Luka Garza,32,389,21.1,2.1,4.6,0.449,1.6,3.1,0.51,0.503,1.2,1.9,0.623,0.415,5.8
DET,Cassius Stanley,9,155,15.6,2.1,5.1,0.413,1.7,3.2,0.517,0.457,1.1,1.1,1,0.217,5.8
DET,Saben Lee,37,604,17.3,1.9,4.8,0.39,1.5,3.2,0.47,0.429,1.5,1.9,0.789,0.401,5.6
DET,Justin Robinson,25,304,19.13333333,1.066666667,3.9,0.254,0.333333333,1.433333333,0.247666667,0.331,0.166666667,0.433333333,0.6665,0.083,3.033333333
DET,Braxton Key,11,197,24.45,2.05,4.4,0.4785,1.7,3.05,0.76,0.5,0.4,0.7,0.538,0.093,4.8
GSW,Draymond Green,46,1329,14.3,2.9,5.6,0.525,2.6,4.4,0.586,0.556,1.3,2,0.659,0.354,7.5
GSW,Jeff Dowtin,9,108,12.83333333,0.7,2.433333333,0.254333333,0.6,1.433333333,0.4665,0.263,0.166666667,0.166666667,1,0.035,1.6
GSW,Quinndary Weatherspoon,11,73,15.7,1.1,1.9,0.571,1,1.5,0.688,0.595,0.5,0.5,1,0.238,2.7
GSW,Stephen Curry,64,2211,30.8,8.4,19.1,0.437,3.9,7.4,0.527,0.554,4.3,4.7,0.923,0.243,25.5
GSW,Juan Toscano-Anderson,73,994,14.7,1.6,3.2,0.489,1.2,2,0.588,0.549,0.5,1,0.571,0.298,4.1
GSW,Otto Porter Jr.,63,1396,15,3.1,6.6,0.464,1.8,3.2,0.565,0.56,0.8,1,0.803,0.147,8.2
GSW,Kevon Looney,82,1732,12.2,2.5,4.4,0.571,2.5,4.4,0.573,0.571,0.9,1.5,0.6,0.343,6
GSW,Moses Moody,52,607,15.2,1.5,3.5,0.437,0.8,1.4,0.548,0.546,0.5,0.7,0.778,0.197,4.4
GSW,Jonathan Kuminga,70,1185,22.7,3.4,6.6,0.513,2.7,4.4,0.598,0.567,1.9,2.7,0.684,0.413,9.3
GSW,Klay Thompson,32,941,29.6,7.7,17.9,0.429,4.1,8.7,0.477,0.529,1.4,1.6,0.902,0.089,20.4
GSW,Nemanja Bjelica,71,1143,17.8,2.3,4.8,0.468,1.5,2.7,0.549,0.547,0.8,1.1,0.728,0.237,6.1
GSW,Chris Chiozza,34,372,13.4,0.7,2.4,0.296,0.2,0.8,0.25,0.401,0.1,0.1,0.667,0.037,2
GSW,Damion Lee,63,1256,15.8,2.7,6.1,0.441,1.7,3.1,0.541,0.523,1,1.2,0.88,0.196,7.4
GSW,Andre Iguodala,31,603,11.4,1.5,3.9,0.38,0.9,1.5,0.617,0.45,0.5,0.6,0.75,0.165,4
GSW,Gary Payton II,71,1248,14.3,3,4.8,0.616,2.4,3.2,0.754,0.679,0.5,0.8,0.603,0.169,7.1
GSW,Andrew Wiggins,73,2330,23.1,6.5,14,0.466,4.4,8.5,0.513,0.543,2,3.2,0.634,0.231,17.2
GSW,Jordan Poole,76,2283,26,6.2,13.9,0.448,3.5,6.3,0.55,0.548,3.2,3.5,0.925,0.251,18.5
HOU,Armoni Brooks,54,844,14.65,1.45,4.5,0.318,0.35,0.55,0.5525,0.4475,0.3,0.35,0.921,0.0645,4.4
HOU,Josh Christopher,74,1334,21.1,3,6.8,0.448,2.3,4.2,0.54,0.504,1.1,1.5,0.735,0.226,7.9
HOU,KJ Martin,79,1656,16.3,3.5,6.6,0.533,2.8,4.5,0.617,0.591,1,1.6,0.634,0.235,8.8
HOU,Alperen Şengün,72,1489,22,3.5,7.3,0.474,3.1,5.7,0.539,0.502,2.3,3.2,0.711,0.442,9.6
HOU,Usman Garuba,24,240,9.4,0.8,1.8,0.432,0.6,1,0.583,0.489,0.2,0.3,0.714,0.159,2
HOU,Danuel House Jr.,42,727,15.56666667,1.266666667,3.5,0.261666667,0.566666667,1.366666667,0.4435,0.33,0.733333333,0.933333333,0.7935,0.191333333,3.866666667
HOU,David Nwaba,46,609,15.8,1.8,3.8,0.483,1.5,2.8,0.551,0.526,1,1.5,0.716,0.381,5.1
HOU,Daishen Nix,24,261,17.3,1.1,2.8,0.403,0.8,1.7,0.488,0.455,0.7,1.3,0.533,0.448,3.2
HOU,Trevelin Queen,10,74,23.9,1.5,3.3,0.455,0.6,0.9,0.667,0.591,0.4,0.4,1,0.121,4.3
HOU,Christian Wood,68,2094,23.3,6.5,12.9,0.501,4.5,8,0.57,0.576,3,4.9,0.623,0.378,17.9
HOU,Jalen Green,67,2138,23.7,6.1,14.2,0.426,3.7,7.4,0.502,0.508,2.8,3.5,0.797,0.247,17.3
HOU,D.J. Augustin,55,883,13.9,1.75,4.05,0.4285,0.5,1.05,0.478,0.585,0.6,0.65,0.934,0.1685,5.35
HOU,Garrison Mathews,65,1712,14.4,2.8,7.1,0.399,0.7,1.2,0.6,0.55,2.2,2.8,0.794,0.39,10
HOU,Eric Gordon,57,1670,18.6,4.7,9.9,0.475,2.5,4.6,0.548,0.585,1.8,2.4,0.778,0.239,13.4
HOU,Jae'Sean Tate,78,2056,19.6,4.7,9.3,0.498,3.8,6.8,0.569,0.541,1.7,2.4,0.707,0.252,11.8
HOU,Kevin Porter Jr.,61,1907,24.1,5.5,13.2,0.415,3,6.5,0.456,0.511,2,3.2,0.642,0.239,15.6
IND,Goga Bitadze,50,729,19.9,2.6,5,0.52,2.2,3.4,0.628,0.565,1.3,1.9,0.681,0.373,7
IND,T.J. McConnell,27,652,16.2,3.7,7.7,0.481,3.3,6.5,0.514,0.505,0.7,0.9,0.826,0.111,8.5
IND,Oshae Brissett,67,1564,17.3,3.1,7.6,0.411,1.9,4,0.465,0.493,1.7,2.4,0.695,0.324,9.1
IND,Buddy Hield,81,2499,22.45,5.9,14.1,0.4145,2.7,5.35,0.484,0.53,1.35,1.5,0.878,0.1095,16.3
IND,Tyrese Haliburton,77,2695,19.3,5.75,11.95,0.4795,3.6,6.85,0.528,0.568,2.25,2.65,0.843,0.2215,15.9
IND,Brad Wanamaker,23,320,12.85,1.6,4.15,0.3805,1.5,3.75,0.4,0.3945,1.95,2,0.9545,0.453,5.25
IND,Reggie Perry,10,187,13.85,2.65,4.85,0.75,2.5,3.95,0.7905,0.7595,0.5,0.85,0.6,0.096,6
IND,Jeremy Lamb,56,935,19.55,2.5,6.4,0.388,1.55,3.35,0.4495,0.4645,1.5,1.8,0.842,0.2845,7.5
IND,Keifer Sykes,32,566,17.4,2.2,5.9,0.363,1.3,3.1,0.42,0.434,0.5,0.5,0.882,0.089,5.6
IND,Jalen Smith,51,925,20.3,3.65,7.2,0.4955,2.8,4.65,0.591,0.548,1.55,2.05,0.7645,0.3075,9.7
IND,Terry Taylor,33,714,15.9,4.1,6.7,0.614,3.7,5.5,0.676,0.641,1.1,1.5,0.706,0.232,9.6
IND,Isaiah Jackson,36,541,22.5,3.2,5.7,0.563,3.1,5.3,0.584,0.575,1.7,2.4,0.682,0.427,8.3
IND,Domantas Sabonis,62,2136,23.05,7.25,12.8,0.567,6.75,11.1,0.6115,0.587,3.9,5.2,0.7415,0.409,18.9
IND,Ahmad Caver,1,1,42.8,1,1,1,1,1,1,1,0,0,,0,2
IND,Nate Hinton,2,2,42.8,0,0.5,0,0,0.5,0,0,0,0,,0,0
IND,Myles Turner,42,1235,17.1,4.8,9.4,0.509,3.3,5,0.662,0.587,1.9,2.5,0.752,0.267,12.9
IND,Duane Washington Jr.,48,968,22.6,3.6,8.9,0.405,1.9,4.4,0.434,0.5,1,1.3,0.754,0.143,9.9
IND,Chris Duarte,55,1541,21.1,4.9,11.3,0.432,3.2,6.7,0.475,0.507,1.6,2,0.804,0.18,13.1
IND,Justin Holiday,74,2057,15.8,3.35,8.75,0.3815,1.05,2.4,0.439,0.512,0.65,0.8,0.7955,0.0965,9.65
IND,Gabe York,2,21,20.8,1,3.5,0.286,0.5,0.5,1,0.357,1.5,2.5,0.6,0.714,4
IND,Malcolm Brogdon,36,1206,24.6,6.8,15.1,0.448,5.1,9.9,0.518,0.501,4,4.6,0.856,0.308,19.1
IND,Torrey Craig,78,1596,14.45,2.6,5.7,0.453,1.55,2.6,0.607,0.542,0.45,0.65,0.7385,0.1155,6.7
IND,DeJon Jarreau,1,1,0,0,0,,0,0,,,0,0,,,0
LAC,Xavier Moon,10,137,19,2.5,5.1,0.49,2,3.7,0.541,0.539,0.3,0.5,0.6,0.098,5.8
LAC,Eric Bledsoe,54,1361,20.5,3.6,8.7,0.421,2.7,5.6,0.479,0.475,1.6,2.2,0.761,0.25,9.9
LAC,Paul George,31,1077,33.7,8.6,20.5,0.421,5.7,12.2,0.467,0.493,4.1,4.8,0.858,0.233,24.3
LAC,Brandon Boston Jr.,51,760,22.4,2.5,6.4,0.385,1.8,4.2,0.425,0.437,1.2,1.4,0.819,0.222,6.7
LAC,Isaiah Hartenstein,68,1216,18.4,3.4,5.4,0.626,3.2,4.9,0.64,0.645,1.3,1.9,0.689,0.361,8.3
LAC,Marcus Morris,54,1564,23.2,5.6,12.8,0.434,3.7,7.7,0.478,0.507,2.4,2.7,0.872,0.214,15.4
LAC,Luke Kennard,70,1919,16.8,4.1,9.1,0.449,1.4,3.1,0.449,0.598,1,1.1,0.896,0.121,11.9
LAC,Keon Johnson,37,697,21.5,2.35,6.7,0.345,1.55,4.35,0.357,0.3955,1.1,1.4,0.7975,0.274,6.6
LAC,Norman Powell,45,1458,26.25,6.3,13.1,0.482,3.85,7.8,0.4895,0.5765,5,6,0.83,0.4605,20.05
LAC,Amir Coffey,69,1567,15.8,3.1,6.8,0.453,1.7,3.1,0.542,0.556,1.5,1.7,0.863,0.251,9
LAC,Robert Covington,71,1940,14.55,3.1,7,0.4405,1.2,2.25,0.533,0.575,0.9,1.1,0.8405,0.1555,9
LAC,Reggie Jackson,75,2337,27.6,6.4,16.3,0.392,4.2,9.5,0.439,0.46,1.8,2.2,0.847,0.133,16.8
LAC,Ivica Zubac,76,1852,16.8,4.1,6.5,0.626,4.1,6.5,0.626,0.626,2.2,3,0.727,0.459,10.3
LAC,Terance Mann,81,2317,16,4.1,8.5,0.484,3.2,6,0.535,0.539,1.6,2,0.78,0.238,10.8
LAC,Nicolas Batum,59,1463,13.3,3,6.6,0.463,1.2,2,0.607,0.602,0.4,0.6,0.658,0.098,8.3
LAC,Jay Scrubb,18,121,20.8,1,2.6,0.391,0.7,1.4,0.48,0.457,0.4,0.6,0.7,0.217,2.7
LAC,Justise Winslow,48,775,19.2,3,7.15,0.426,2.5,5.1,0.493,0.4565,1,1.7,0.585,0.2535,7.45
LAC,Serge Ibaka,54,877,17.3,2.75,5.5,0.5045,2.1,3.6,0.575,0.567,0.6,0.8,0.745,0.1475,6.8
LAC,Semi Ojeleye,30,406,14.6,1.05,3.2,0.3355,0.6,1.75,0.3205,0.4095,0.9,1.15,0.791,0.369,3.5
LAC,Rodney Hood,52,709,10.85,1.05,2.7,0.4065,0.55,1.25,0.4155,0.51,0.3,0.4,0.8645,0.1495,2.95
LAL,Darren Collison,3,37,9.3,0.7,2.3,0.286,0.7,1.3,0.5,0.286,0,0,,0,1.3
LAL,Jemerrio Jones,2,15,8.6,1,1.5,0.667,1,1.5,0.667,0.667,0,0,,0,2
LAL,Sekou Doumbouya,2,16,31.6,2.5,4,0.625,2,3,0.667,0.688,1.5,2,0.75,0.5,7
LAL,Jay Huff,4,20,8.6,0,0.8,0,0,0.3,0,0,0,0,,0,0
LAL,Malik Monk,76,2139,20.1,5.1,10.9,0.473,2.9,5.1,0.568,0.578,1.2,1.5,0.795,0.142,13.8
LAL,Dwight Howard,60,971,14.6,2.2,3.7,0.612,2.1,3.4,0.618,0.63,1.6,2.4,0.658,0.667,6.2
LAL,Wayne Ellington,43,810,13.8,2.3,5.5,0.414,0.4,0.6,0.615,0.586,0.2,0.3,0.818,0.046,6.7
LAL,Trevor Ariza,24,462,11,1.4,4.1,0.333,0.5,1,0.52,0.434,0.4,0.8,0.556,0.182,4
LAL,Talen Horton-Tucker,60,1511,19.2,3.7,9,0.416,2.9,5.9,0.492,0.462,1.7,2.1,0.8,0.232,10
LAL,Carmelo Anthony,69,1793,20.4,4.6,10.5,0.441,2.5,4.7,0.521,0.544,1.9,2.3,0.83,0.22,13.3
LAL,Austin Reaves,61,1418,12.4,2.4,5.2,0.459,1.5,2.5,0.616,0.542,1.6,1.9,0.839,0.371,7.3
LAL,Avery Bradley,62,1406,12.1,2.4,5.6,0.423,1.1,2.3,0.471,0.54,0.3,0.3,0.889,0.051,6.4
LAL,LeBron James,56,2084,32.3,11.4,21.8,0.524,8.6,13.8,0.62,0.59,4.5,6,0.756,0.275,30.3
LAL,Stanley Johnson,48,1094,12.5,2.4,5.2,0.466,1.8,3,0.575,0.532,1.1,1.5,0.716,0.295,6.7
LAL,Anthony Davis,40,1404,27.1,9.3,17.4,0.532,8.9,15.6,0.571,0.542,4.4,6.1,0.713,0.351,23.2
LAL,Mason Jones,4,51,19,1.8,3.8,0.467,1.5,2.8,0.545,0.5,3,3.8,0.8,1,6.8
LAL,Kent Bazemore,39,545,13.2,1.2,3.6,0.324,0.4,1.5,0.271,0.428,0.3,0.4,0.765,0.122,3.4
LAL,DeAndre Jordan,48,622,14.4,1.95,3.1,0.6335,1.95,3.1,0.6335,0.6335,0.5,0.85,0.588,0.2755,4.35
LAL,Russell Westbrook,78,2678,27.3,7,15.8,0.444,6,12.4,0.485,0.476,3.4,5.1,0.667,0.324,18.5
MEM,Kyle Anderson,69,1484,16.2,3,6.8,0.446,2.5,5.2,0.481,0.484,1,1.5,0.638,0.224,7.6
MEM,Steven Adams,76,1999,12,2.8,5.1,0.547,2.8,5,0.548,0.547,1.4,2.6,0.543,0.518,6.9
MEM,Brandon Clarke,64,1246,17.7,4.5,7,0.644,4.4,6.6,0.666,0.65,1.3,2,0.654,0.291,10.4
MEM,Jaren Jackson Jr.,78,2126,25.4,5.5,13.3,0.415,3.9,8.1,0.476,0.477,3.6,4.4,0.823,0.333,16.3
MEM,John Konchar,72,1292,9.9,1.9,3.6,0.515,1.2,1.9,0.61,0.615,0.4,0.7,0.551,0.187,4.8
MEM,Ziaire Williams,62,1346,14.9,3.1,6.8,0.45,1.9,2.9,0.632,0.54,0.7,0.9,0.782,0.13,8.1
MEM,Desmond Bane,76,2266,23.1,6.7,14.5,0.461,3.7,7.6,0.484,0.565,1.8,2,0.903,0.141,18.2
MEM,De'Anthony Melton,73,1657,21.3,3.8,9.5,0.404,1.9,4.4,0.44,0.504,1.2,1.6,0.75,0.173,10.8
MEM,Ja Morant,57,1889,33.7,10.2,20.6,0.493,8.6,16.2,0.534,0.53,5.5,7.3,0.761,0.353,27.4
MEM,Tyus Jones,73,1549,16.6,3.4,7.6,0.451,2.3,4.8,0.487,0.524,0.7,0.9,0.818,0.12,8.7
MEM,Shaq Buchanan,2,10,24.6,0.5,2,0.25,0.5,1,0.5,0.25,0,0,,0,1
MEM,Dakota Mathias,6,16,15.4,0.3,1,0.333,0,0,,0.5,0,0,,0,1
MEM,Sam Merrill,6,58,19.6,1.3,4,0.333,0.2,0.2,1,0.479,0.3,0.7,0.5,0.167,4.2
MEM,DaQuan Jeffries,3,9,9.1,0.3,0.7,0.5,0.3,0.3,1,0.5,0,0,,0,0.7
MEM,Killian Tillie,36,461,12.8,1.2,3.5,0.339,0.4,1.1,0.39,0.445,0.1,0.2,0.625,0.063,3.3
MEM,Tyrell Terry,2,3,13.7,0.5,0.5,1,0.5,0.5,1,1,0,0,,0,1
MEM,Jon Teske,3,8,9.6,0,0.3,0,0,0.3,0,0,0,0.7,0,2,0
MEM,Xavier Sneed,9,39,10.7,0.15,1.05,0.125,0.05,0.15,0.5,0.1565,0,0,,0,0.35
MEM,Xavier Tillman Sr.,53,701,16.4,1.8,4.1,0.454,1.7,3.2,0.527,0.477,0.9,1.3,0.648,0.329,4.8
MEM,Dillon Brooks,32,885,28.8,7.1,16.4,0.432,5.7,11.8,0.48,0.475,2.8,3.3,0.849,0.202,18.4
MEM,Santi Aldama,32,360,18.4,1.7,4.1,0.402,1.5,2.6,0.56,0.424,0.6,1,0.625,0.242,4.1
MEM,Yves Pons,12,71,10.3,0.4,1.3,0.313,0.2,0.6,0.286,0.406,0,0.2,0,0.125,1.1
MEM,Jarrett Culver,37,338,20.6,1.4,3.6,0.378,1.1,2.4,0.443,0.422,0.4,0.9,0.471,0.252,3.5
MIA,Victor Oladipo,8,173,25.1,4.4,9.1,0.479,2.5,4.6,0.541,0.582,1.8,2.4,0.737,0.26,12.4
MIA,Javonte Smart,17,200,17.85,1.4,3.8,0.3635,0.75,1.95,0.39,0.445,0.2,0.25,0.833,0.07,3.7
MIA,Caleb Martin,60,1372,16.3,3.5,6.8,0.507,2.4,4.3,0.565,0.585,1.2,1.6,0.763,0.227,9.2
MIA,Max Strus,68,1587,18.1,3.7,8.3,0.441,1,1.8,0.557,0.602,0.6,0.8,0.792,0.094,10.6
MIA,Tyler Herro,66,2151,28.8,7.6,17,0.447,4.9,10.3,0.477,0.525,2.9,3.3,0.868,0.195,20.7
MIA,Udonis Haslem,13,83,20,1.1,2.4,0.452,1,2.1,0.481,0.468,0.2,0.2,1,0.097,2.5
MIA,Markieff Morris,17,298,20.6,3.2,6.7,0.474,2.4,4.4,0.547,0.531,0.5,0.5,0.889,0.079,7.6
MIA,Gabe Vincent,68,1589,17.8,3.1,7.5,0.417,1.4,2.8,0.5,0.533,0.6,0.8,0.815,0.105,8.7
MIA,Bam Adebayo,56,1825,25,7.3,13,0.557,7.3,12.9,0.562,0.557,4.6,6.1,0.753,0.466,19.1
MIA,Kyle Lowry,63,2133,18.2,4.4,10,0.44,2.1,3.9,0.539,0.555,2.3,2.8,0.851,0.278,13.4
MIA,Jimmy Butler,57,1931,26.5,7,14.5,0.48,6.5,12.5,0.52,0.496,6.9,8,0.87,0.549,21.4
MIA,Duncan Robinson,79,2043,17.7,3.7,9.2,0.399,0.7,1.3,0.569,0.559,0.6,0.8,0.836,0.084,10.9
MIA,P.J. Tucker,71,1981,11.7,2.9,6,0.484,1.8,3.3,0.54,0.577,0.6,0.9,0.738,0.143,7.6
MIA,Mychal Mulder,17,239,13.9,1.65,4.75,0.3495,0.25,1.2,0.1665,0.498,0.55,0.55,1,0.115,5.35
MIA,Chris Silva,10,91,7.15,0.45,0.85,0.533,0.45,0.85,0.533,0.533,0.55,0.65,0.833,0.8,1.45
MIA,Omer Yurtseven,56,706,19.9,2.3,4.4,0.526,2.3,4.2,0.547,0.528,0.7,1.1,0.623,0.247,5.3
MIA,Marcus Garrett,12,128,8.8,0.4,1.8,0.238,0.3,1.4,0.235,0.262,0.2,0.4,0.4,0.238,1.1
MIA,Dewayne Dedmon,67,1065,16.9,2.4,4.3,0.566,2.2,3.6,0.597,0.598,1.1,1.5,0.75,0.345,6.3
MIA,KZ Okpala,21,244,14.4,1.4,3.3,0.435,1,2,0.488,0.5,0.4,0.5,0.727,0.159,3.7
MIA,Kyle Guy,19,186,19.9,1.4,3.4,0.4,0.6,1.3,0.48,0.508,0.4,0.6,0.667,0.185,3.9
MIA,Haywood Highsmith,19,163,14,0.8,2.4,0.348,0.4,0.9,0.389,0.446,0.1,0.3,0.4,0.109,2.3
MIL,Jordan Nwora,62,1185,19.4,3,7.5,0.403,1.7,3.8,0.455,0.488,0.6,0.7,0.837,0.093,7.9
MIL,Khris Middleton,66,2141,26.7,6.8,15.5,0.443,4.4,8.9,0.494,0.522,3.9,4.4,0.89,0.285,20.1
MIL,Pat Connaughton,65,1691,14,3.5,7.6,0.458,1.2,1.9,0.643,0.605,0.7,0.8,0.833,0.109,9.9
MIL,Grayson Allen,66,1805,15.2,3.9,8.6,0.448,1.5,2.7,0.533,0.588,1,1.1,0.865,0.13,11.1
MIL,Jrue Holiday,67,2208,23.5,7.1,14.2,0.501,5.2,9.4,0.547,0.57,2,2.7,0.761,0.189,18.3
MIL,Wesley Matthews,49,1002,10.7,1.8,4.5,0.395,0.7,1.3,0.54,0.516,0.4,0.6,0.786,0.127,5.1
MIL,Brook Lopez,13,298,21.9,4.7,10.1,0.466,3.2,6,0.538,0.538,1.5,1.8,0.87,0.176,12.4
MIL,George Hill,54,1253,11.7,2.2,5.1,0.429,1.4,2.6,0.546,0.504,1.1,1.1,0.919,0.225,6.2
MIL,Donte DiVincenzo,42,1006,19.15,2.75,7.8,0.3465,1.05,2.8,0.38,0.4515,1.65,1.9,0.8455,0.243,8.75
MIL,Bobby Portis,72,2028,21.3,5.8,12.1,0.479,3.9,7.4,0.533,0.555,1.2,1.6,0.752,0.13,14.6
MIL,Greg Monroe,14,195,18.125,2.2,3.9,0.59775,2.2,3.9,0.59775,0.59775,0.775,1.475,0.518666667,0.53175,5.175
MIL,Thanasis Antetokounmpo,48,473,15.7,1.5,2.7,0.547,1.4,2.4,0.596,0.555,0.6,1,0.63,0.359,3.6
MIL,Javin DeLaurier,1,3,0,0,0,,0,0,,,0,0,,,0
MIL,Georgios Kalaitzakis,13,214,19,3.55,7.6,0.4595,2.4,4.65,0.479,0.5405,1.45,3.15,0.46,0.5965,9.65
MIL,Sandro Mamukelashvili,41,407,14.6,1.4,2.8,0.496,0.9,1.5,0.556,0.591,0.4,0.5,0.818,0.191,3.8
MIL,Lindell Wigginton,19,199,19,1.4,3.2,0.426,0.9,1.8,0.486,0.5,1,1.8,0.543,0.574,4.2
MIL,Giannis Antetokounmpo,67,2204,34.9,10.3,18.6,0.553,9.2,15,0.616,0.582,8.3,11.4,0.722,0.615,29.9
MIN,Malik Beasley,79,1976,19.4,4.2,10.8,0.391,1.2,2.7,0.432,0.532,0.6,0.8,0.817,0.071,12.1
MIN,Karl-Anthony Towns,74,2476,27.8,8.7,16.4,0.529,6.6,11.5,0.58,0.591,5.2,6.3,0.822,0.385,24.6
MIN,D'Angelo Russell,65,2077,25.1,6.2,15,0.411,3.5,7,0.492,0.502,3,3.7,0.825,0.246,18.1
MIN,McKinley Wright IV,5,19,8.8,0.4,0.6,0.667,0.2,0.2,1,0.833,0,0,,0,1
MIN,Anthony Edwards,72,2466,26.4,7.6,17.3,0.441,4.6,8.9,0.519,0.527,3.1,3.9,0.786,0.225,21.3
MIN,Jarred Vanderbilt,74,1880,10.9,2.9,4.9,0.587,2.8,4.7,0.605,0.59,1.2,1.8,0.656,0.363,6.9
MIN,Naz Reid,77,1215,21.4,3,6.2,0.489,2.3,4,0.568,0.549,1.5,1.9,0.765,0.313,8.3
MIN,Josh Okogie,49,516,12.1,0.9,2.1,0.404,0.6,1.2,0.491,0.471,0.7,1,0.686,0.49,2.7
MIN,Taurean Prince,69,1177,17,2.6,5.7,0.454,1.3,2.3,0.565,0.564,0.9,1.2,0.756,0.21,7.3
MIN,Jordan McLaughlin,62,902,11.8,1.4,3.2,0.44,1,1.9,0.53,0.508,0.5,0.6,0.75,0.2,3.8
MIN,Jaylen Nowell,62,975,21,3.2,6.7,0.475,2.1,4.1,0.526,0.551,1.2,1.5,0.783,0.223,8.5
MIN,Jake Layman,34,231,16.4,0.9,2.1,0.411,0.6,1.1,0.579,0.466,0.4,0.5,0.722,0.247,2.4
MIN,Jaden McDaniels,70,1803,15.3,3.6,7.9,0.46,2.5,4.3,0.579,0.532,0.8,1,0.803,0.128,9.2
MIN,Patrick Beverley,58,1476,16.1,3.1,7.5,0.406,1.6,3.3,0.485,0.501,1.7,2.3,0.722,0.305,9.2
MIN,Nathan Knight,37,267,20.7,1.2,2.4,0.511,1.1,2,0.547,0.534,1.2,1.6,0.733,0.682,3.7
MIN,Leandro Bolmaro,35,241,12.6,0.5,1.5,0.315,0.3,1,0.333,0.361,0.3,0.4,0.846,0.241,1.4
NOP,Didi Louzada,9,129,15.55,0.85,2.9,0.2,0.2,0.7,0.3,0.275,0.15,0.15,1,0.0335,2.5
NOP,Josh Hart,54,1791,20.85,5.95,11.75,0.504,4.2,6.95,0.604,0.5735,3.1,4.1,0.7625,0.355,16.65
NOP,Tony Snell,53,823,10.75,1.55,3.75,0.4085,0.55,1,0.558,0.5415,0.1,0.1,1,0.0225,4.25
NOP,Herbert Jones,78,2335,13.7,3.5,7.4,0.476,2.8,5.2,0.533,0.525,1.8,2.1,0.84,0.283,9.5
NOP,Larry Nance Jr.,46,1040,13.55,2.9,5.4,0.533,2.4,4.15,0.5855,0.5775,0.9,1.1,0.8265,0.205,7.1
NOP,Devonte' Graham,76,2162,19.5,3.9,10.7,0.363,1.4,3.3,0.413,0.481,1.6,1.8,0.843,0.172,11.9
NOP,Brandon Ingram,55,1869,29.3,8.2,17.9,0.461,6.9,13.8,0.501,0.498,4.8,5.9,0.826,0.328,22.7
NOP,Jaxson Hayes,70,1398,16.4,3.5,5.7,0.616,3.2,4.9,0.66,0.641,2.1,2.7,0.766,0.472,9.3
NOP,Trey Murphy III,62,864,15.7,1.8,4.5,0.394,0.6,1.5,0.418,0.522,0.7,0.8,0.882,0.184,5.4
NOP,Willy Hernangómez,50,839,22.5,3.4,6.5,0.52,3.3,6.3,0.527,0.526,2.2,2.8,0.773,0.431,9.1
NOP,Jonas Valančiūnas,74,2240,23.8,6.9,12.7,0.544,6.1,10.5,0.581,0.574,3.2,3.9,0.82,0.308,17.8
NOP,Kira Lewis Jr.,24,341,22.3,2.5,6.1,0.404,1.9,3.7,0.523,0.449,0.4,0.5,0.833,0.082,5.9
NOP,Gary Clark,38,378,11.6,0.9,2.3,0.375,0.1,0.5,0.278,0.534,0.2,0.3,0.7,0.114,2.7
NOP,Naji Marshall,55,735,20.8,2,4.9,0.405,1.6,3,0.537,0.444,1.3,1.7,0.796,0.346,5.7
NOP,Jared Harper,5,43,29.7,2.8,5.2,0.538,1.8,2.8,0.643,0.635,0.8,0.8,1,0.154,7.4
NOP,Tyrone Wallace,6,75,13.9,1.2,3.3,0.35,0.8,2,0.417,0.4,0.2,0.8,0.2,0.25,2.8
NOP,Garrett Temple,59,1098,13.9,1.9,5,0.376,0.9,1.9,0.473,0.476,0.5,0.7,0.683,0.139,5.2
NOP,CJ McCollum,62,2145,27.75,8.8,18.85,0.4645,5.85,11.35,0.5125,0.542,1.95,2.9,0.6865,0.153,22.4
NOP,Jose Alvarado,54,834,18.4,2.4,5.4,0.446,1.8,3.4,0.538,0.5,0.7,1,0.679,0.18,6.1
NOP,Nickeil Alexander-Walker,65,1466,21.35,2.9,7.9,0.354,1.6,3.75,0.417,0.444,1.05,1.35,0.8195,0.2015,8.15
NOP,Tomáš Satoranský,55,906,11.16666667,0.933333333,2.366666667,0.3875,0.766666667,1.733333333,0.4515,0.417,1.533333333,1.966666667,0.783333333,0.266,3.566666667
NYK,Alec Burks,81,2318,17.7,3.5,9,0.391,1.6,4.2,0.378,0.499,2.7,3.3,0.822,0.363,11.7
NYK,Quentin Grimes,46,786,15.1,2.1,5.1,0.404,0.5,1,0.5,0.557,0.3,0.4,0.684,0.081,6
NYK,Damyean Dotson,2,21,8.3,1,2,0.5,1,1.5,0.667,0.5,0,0,,0,2
NYK,Obi Toppin,72,1230,20.8,3.5,6.6,0.531,2.8,4.2,0.655,0.586,1.3,1.7,0.758,0.262,9
NYK,Evan Fournier,80,2358,20.8,5,12.1,0.417,2,4.3,0.465,0.541,1,1.4,0.708,0.117,14.1
NYK,Jericho Sims,41,555,6.9,1,1.3,0.722,1,1.3,0.722,0.722,0.3,0.7,0.414,0.537,2.2
NYK,Matt Mooney,1,2,43.8,0,1,0,0,0,,0,0,0,,0,0
NYK,Kemba Walker,37,948,20.8,4,10,0.403,2.1,4.6,0.444,0.501,1.6,1.9,0.845,0.192,11.6
NYK,Immanuel Quickley,78,1802,22.2,3.6,9.3,0.392,1.9,4.2,0.448,0.487,2.3,2.6,0.881,0.278,11.3
NYK,Feron Hunt,2,8,16.4,0,1,0,0,1,0,0,0,0,,0,0
NYK,Wayne Selden,3,19,13.3,0.3,1.3,0.25,0,0.7,0,0.375,0.7,1.3,0.5,1,1.7
NYK,Derrick Rose,26,636,22.5,4.7,10.5,0.445,3.3,7,0.467,0.513,1.2,1.2,0.968,0.113,12
NYK,Mitchell Robinson,72,1848,11.4,3.6,4.8,0.761,3.6,4.8,0.761,0.761,1.2,2.5,0.486,0.528,8.5
NYK,Taj Gibson,52,946,10,1.7,3.2,0.518,1.4,2.5,0.555,0.563,0.8,1,0.808,0.313,4.4
NYK,Nerlens Noel,25,562,7.3,1.3,2.4,0.533,1.3,2.3,0.561,0.533,0.8,1.2,0.7,0.5,3.4
NYK,Ryan Arcidiacono,10,76,8.6,0.6,1.2,0.5,0.2,0.3,0.667,0.667,0,0,,0,1.6
NYK,Tyler Hall,1,2,0,0,0,,0,0,,,0,0,,,0
NYK,RJ Barrett,70,2417,27.6,7,17.1,0.408,5,11.3,0.442,0.466,4.1,5.8,0.714,0.34,20
NYK,Miles McBride,40,372,13.9,0.8,2.7,0.296,0.4,1,0.375,0.375,0.2,0.3,0.667,0.111,2.2
NYK,Julius Randle,72,2544,28.7,7.1,17.3,0.411,5.4,11.9,0.458,0.459,4.2,5.6,0.756,0.322,20.1
OKC,Josh Giddey,54,1700,22.2,5.2,12.4,0.419,4.2,8.5,0.492,0.461,1,1.5,0.709,0.118,12.5
OKC,Isaiah Roby,45,948,19,3.7,7.2,0.514,2.7,5,0.545,0.582,1.7,2.6,0.672,0.359,10.1
OKC,Shai Gilgeous-Alexander,56,1942,30.8,8.5,18.8,0.453,6.9,13.5,0.514,0.496,5.9,7.2,0.81,0.385,24.5
OKC,Darius Bazley,69,1924,18.3,4,9.4,0.422,2.8,5.5,0.511,0.484,1.7,2.5,0.688,0.262,10.8
OKC,Luguentz Dort,51,1665,23.3,5.7,14.2,0.404,3.2,6.6,0.487,0.493,3.2,3.7,0.843,0.263,17.2
OKC,Jeremiah Robinson-Earl,49,1087,15.4,2.7,6.6,0.414,1.6,3.2,0.478,0.503,0.8,1.1,0.741,0.167,7.5
OKC,Aleksej Pokusevski,61,1233,20,3,7.5,0.408,2.1,4.2,0.498,0.47,0.6,0.8,0.7,0.11,7.6
OKC,Kenrich Williams,49,1072,15.6,3,6.5,0.461,2.1,4,0.536,0.525,0.6,1.1,0.545,0.174,7.4
OKC,Tre Mann,60,1367,22,3.9,9.8,0.393,2.2,5.3,0.421,0.476,1.1,1.4,0.793,0.139,10.4
OKC,Olivier Sarr,22,421,13.9,2.6,4.6,0.574,2,3.3,0.625,0.639,1.1,1.3,0.828,0.287,7
OKC,Lindy Waters III,25,465,17.5,2.8,7,0.406,0.7,1.2,0.621,0.557,0.2,0.2,0.8,0.029,8
OKC,Mamadi Diakite,13,188,13.5,1.9,3.6,0.532,1.9,3.2,0.595,0.532,0.5,0.8,0.545,0.234,4.3
OKC,Jaylen Hoard,7,240,18.7,6.3,12.9,0.489,5,9.3,0.538,0.539,0.9,2,0.429,0.156,14.7
OKC,Mike Muscala,43,592,20.9,2.6,5.8,0.456,1,2,0.506,0.597,1.1,1.3,0.842,0.23,8
OKC,Ty Jerome,48,801,20.8,2.6,6.8,0.378,1.5,3,0.493,0.46,0.8,1,0.809,0.143,7.1
OKC,Théo Maledon,51,908,20.3,2.3,6.2,0.375,1.5,3.3,0.449,0.445,1.5,2,0.79,0.315,7.1
OKC,Derrick Favors,39,653,13.4,2.4,4.7,0.516,2.4,4.3,0.554,0.522,0.4,0.6,0.64,0.137,5.3
OKC,Vit Krejci,30,690,12.9,2.3,5.6,0.407,1.2,2.3,0.522,0.503,0.6,0.7,0.864,0.132,6.2
OKC,Gabriel Deck,7,56,12.3,1.1,2,0.571,0.9,1.4,0.6,0.643,0,0,,0,2.6
OKC,Rob Edwards,2,11,19.6,0.5,2,0.25,0,0,,0.375,0,0,,0,1.5
OKC,Paul Watson,9,156,11,1.3,3.9,0.343,0.7,1,0.667,0.429,0.1,0.2,0.5,0.057,3.4
OKC,Melvin Frazier,3,120,19.5,4.3,16,0.271,4,9,0.444,0.281,1.7,2.3,0.714,0.146,10.7
OKC,Zavier Simpson,4,174,15.9,4.8,13,0.365,4.5,11,0.409,0.375,1.3,1.3,1,0.096,11
OKC,Scotty Hopson,1,18,14.4,2,4,0.5,2,3,0.667,0.5,0,0,,0,4
OKC,Aaron Wiggins,50,1209,15.3,3.1,6.7,0.463,2.3,4,0.573,0.525,1.2,1.7,0.729,0.252,8.3
ORL,Aleem Ford,5,74,14,1.2,4,0.3,0.8,1,0.8,0.35,0,0,,0,2.8
ORL,Markelle Fultz,18,360,27.5,4.6,9.7,0.474,4.4,8.8,0.5,0.486,1.4,1.7,0.806,0.177,10.8
ORL,Devin Cannady,5,145,15.5,3,8.8,0.341,0,1.4,0,0.511,1,1.4,0.714,0.159,10
ORL,B.J. Johnson,4,65,16.7,2.8,6.3,0.44,1.8,3.8,0.467,0.52,0,0,,0,6.5
ORL,Robin Lopez,36,612,18.9,3.1,5.5,0.553,3,5.4,0.56,0.558,0.9,1.5,0.593,0.271,7.1
ORL,Mo Bamba,71,1824,17.2,4.2,8.7,0.48,2.7,4.7,0.563,0.566,0.8,1,0.781,0.118,10.6
ORL,Franz Wagner,79,2429,21.2,5.8,12.3,0.468,4.6,8.9,0.511,0.517,2.4,2.8,0.863,0.225,15.2
ORL,Jalen Suggs,48,1307,25.3,4.1,11.4,0.361,3.3,7.3,0.443,0.4,2.6,3.4,0.773,0.297,11.8
ORL,Wendell Carter Jr.,62,1852,20.9,5.8,11,0.525,4.7,7.6,0.615,0.576,2.3,3.3,0.691,0.303,15
ORL,Gary Harris,61,1730,16.4,3.9,9.1,0.434,2,4.1,0.494,0.539,1.4,1.6,0.874,0.172,11.1
ORL,R.J. Hampton,64,1402,18.4,2.7,7.1,0.383,1.7,4.3,0.405,0.453,1.2,1.8,0.641,0.256,7.6
ORL,Hassani Gravett,8,171,12.3,2.3,4.8,0.474,0.9,1.5,0.583,0.618,0.4,0.5,0.75,0.105,6.3
ORL,Cole Anthony,65,2059,25.1,5.5,14,0.391,3.5,8,0.432,0.464,3.3,3.9,0.854,0.277,16.3
ORL,Chuma Okeke,70,1749,16.4,3.1,8.2,0.376,1.4,2.9,0.48,0.478,0.8,0.9,0.846,0.113,8.6
ORL,Terrence Ross,63,1448,20.5,3.5,8.8,0.397,2.3,4.6,0.493,0.467,1.8,2.1,0.862,0.235,10
ORL,Admiral Schofield,38,469,14.5,1.4,3.4,0.419,0.7,1.3,0.56,0.519,0.3,0.4,0.8,0.116,3.8
ORL,Moritz Wagner,63,960,22.9,3.1,6.3,0.497,2.1,3.1,0.672,0.581,1.7,2,0.806,0.326,9
ORL,Ignas Brazdeikis,42,536,17.7,1.9,4.5,0.431,1.3,2.4,0.535,0.503,0.5,0.8,0.656,0.17,5
ORL,Freddie Gillespie,9,119,10.9,1,2.4,0.409,1,2.3,0.429,0.409,0.3,0.8,0.429,0.318,2.3
PHI,Danny Green,62,1353,12.3,2,5.2,0.394,0.4,0.8,0.469,0.555,0.2,0.2,0.786,0.044,5.9
PHI,Aaron Henry,6,17,18.5,0.2,0.8,0.2,0.2,0.7,0.25,0.2,0,0,,0,0.3
PHI,Tobias Harris,73,2543,21.7,6.8,14,0.482,5.4,10.2,0.525,0.532,2.3,2.8,0.842,0.198,17.2
PHI,Tyrese Maxey,75,2650,20.2,6.4,13.3,0.485,4.7,9.1,0.512,0.552,2.8,3.3,0.866,0.247,17.5
PHI,Joel Embiid,68,2297,37.2,9.8,19.6,0.499,8.4,15.9,0.529,0.534,9.6,11.8,0.814,0.602,30.6
PHI,Georges Niang,76,1736,16.8,3.2,7.4,0.437,1.2,2.3,0.511,0.575,0.7,0.8,0.881,0.105,9.2
PHI,Matisse Thybulle,66,1685,9.5,2.3,4.5,0.5,1.6,2.4,0.673,0.575,0.5,0.7,0.791,0.143,5.7
PHI,Charles Bassey,23,168,16.1,1.3,2,0.638,1.3,1.9,0.698,0.638,0.4,0.5,0.75,0.255,3
PHI,Myles Powell,11,52,18,0.5,1.5,0.294,0.4,1,0.364,0.324,0.2,0.2,1,0.118,1.2
PHI,Tyler Johnson,6,91,10.9,1,3.3,0.3,0.15,1.15,0.1665,0.425,0,0,,0,2.85
PHI,Paul Reed,38,302,16.7,1.4,2.5,0.563,1.4,2.3,0.591,0.573,0.2,0.4,0.429,0.146,3.1
PHI,Isaiah Joe,55,609,15.5,1.1,3.2,0.35,0.3,0.8,0.405,0.477,0.5,0.6,0.935,0.175,3.6
PHI,Jaden Springer,2,6,15,0.5,0.5,1,0.5,0.5,1,1,0,0,,0,1
PHI,Shake Milton,55,1179,18.3,3.1,7.3,0.429,2.4,4.9,0.481,0.483,1.1,1.3,0.836,0.181,8.2
PHI,Furkan Korkmaz,67,1414,17.6,2.7,7,0.387,1.6,3,0.515,0.469,1,1.3,0.81,0.179,7.6
PHO,Abdel Nader,14,145,15,0.9,2.5,0.343,0.6,1.5,0.381,0.4,0.4,0.7,0.6,0.286,2.4
PHO,Frank Kaminsky,9,181,19,4,7.3,0.545,3.4,5.7,0.608,0.583,2,2.2,0.9,0.303,10.6
PHO,Chandler Hutchison,6,22,13.5,0.2,0.3,0.5,0.2,0.3,0.5,0.5,0.3,0.3,1,1,0.7
PHO,Gabriel Lundberg,4,44,21.5,1.3,4.8,0.263,0.5,2.8,0.182,0.342,0,0,,0,3.3
PHO,Ish Wainright,45,359,14.7,0.9,2.3,0.394,0.5,1,0.489,0.486,0.2,0.3,0.583,0.115,2.4
PHO,Elfrid Payton,50,549,18.5,1.3,3.5,0.383,1.3,3.1,0.401,0.394,0.2,0.6,0.375,0.183,3
PHO,M.J. Walker,2,8,21.5,0,2,0,0,1,0,0,0,0,,0,0
PHO,Cameron Payne,58,1278,24.6,4.1,10.1,0.409,2.9,6.5,0.449,0.469,1.3,1.5,0.843,0.152,10.8
PHO,Emanuel Terry,3,18,23.9,0,1.7,0,0,1.7,0,0,0,0,,0,0
PHO,Mikal Bridges,82,2854,15,5.6,10.5,0.534,4.2,6.7,0.628,0.601,1.6,1.9,0.834,0.183,14.2
PHO,Devin Booker,68,2345,32,9.7,20.9,0.466,7,13.9,0.508,0.53,4.6,5.3,0.868,0.255,26.8
PHO,Bismack Biyombo,36,506,17.1,2.4,4,0.593,2.4,4,0.593,0.593,1.1,2,0.535,0.49,5.8
PHO,Paris Bass,2,7,54.6,1,3,0.333,1,2,0.5,0.333,1,1,1,0.333,3
PHO,Aaron Holiday,63,1021,19,2.35,5.4,0.439,1.75,3.8,0.461,0.4985,1.05,1.2,0.8695,0.215,6.45
PHO,Landry Shamet,69,1437,16.8,2.8,7,0.394,1,2.2,0.45,0.521,1,1.2,0.84,0.167,8.3
PHO,JaVale McGee,74,1172,22.8,3.9,6.2,0.629,3.9,6.1,0.637,0.631,1.4,2,0.699,0.319,9.2
PHO,Deandre Ayton,58,1713,21.4,7.6,12,0.634,7.5,11.7,0.642,0.639,1.8,2.4,0.746,0.204,17.2
PHO,Chris Paul,65,2139,19.7,5.6,11.3,0.493,4.6,8.3,0.559,0.536,2.6,3.1,0.837,0.274,14.7
PHO,Jae Crowder,67,1886,14.6,3.2,8.1,0.399,1.3,2.7,0.503,0.516,1.1,1.3,0.789,0.165,9.4
PHO,Cameron Johnson,66,1730,17.5,4.2,9.2,0.46,1.7,3.3,0.523,0.596,1.5,1.7,0.86,0.188,12.5
POR,Elijah Hughes,36,434,16.7,1.3,3.75,0.3565,0.6,1.25,0.52,0.461,0.2,0.25,0.8335,0.0695,3.45
POR,Kris Dunn,14,336,18.3,3.1,7.3,0.431,3.1,6.5,0.473,0.436,1.2,1.3,0.944,0.176,7.6
POR,Jusuf Nurkić,56,1579,23.6,5.7,10.7,0.535,5.5,9.7,0.563,0.548,3.3,4.8,0.69,0.447,15
POR,Dennis Smith Jr.,37,638,18.2,2.1,5.1,0.418,2,4.4,0.451,0.434,1.1,1.7,0.656,0.339,5.6
POR,Brandon Williams,24,640,25.9,4.4,11.8,0.372,3.1,7.3,0.42,0.427,2.8,4,0.701,0.344,12.9
POR,Keljin Blevins,31,349,16.5,1.1,3.6,0.306,0.4,1.3,0.333,0.401,0.2,0.4,0.545,0.099,3.1
POR,Greg Brown III,48,640,17.2,1.7,4,0.426,1.3,2.7,0.481,0.476,0.9,1.4,0.677,0.342,4.7
POR,Anfernee Simons,57,1681,24.8,6.2,14,0.443,3.1,6.2,0.49,0.555,1.8,2,0.888,0.146,17.3
POR,Nassir Little,42,1088,15.8,3.5,7.5,0.46,2.2,3.8,0.584,0.541,1.6,2.2,0.734,0.298,9.8
POR,Drew Eubanks,71,1245,17.5,3.95,6.4,0.587,3.85,6.05,0.6125,0.5935,1.5,1.95,0.7655,0.369,9.6
POR,CJ Elleby,58,1174,14.8,2.1,5.3,0.393,1.4,3.1,0.462,0.453,1,1.4,0.714,0.273,5.8
POR,Cody Zeller,27,355,15.9,1.9,3.3,0.567,1.9,3.2,0.593,0.567,1.4,1.8,0.776,0.544,5.2
POR,Ben McLemore,64,1285,21.3,3.4,8.4,0.401,1,1.9,0.533,0.541,1.1,1.4,0.818,0.163,10.2
POR,Damian Lillard,29,1056,29.3,7.7,19,0.402,4.5,9.2,0.485,0.486,5.5,6.2,0.878,0.328,24
POR,Cameron McGriff,3,46,14,1.7,4.7,0.357,1,2.7,0.375,0.429,0.7,0.7,1,0.143,4.7
POR,Trendon Watford,48,869,17.6,3,5.6,0.532,2.8,4.8,0.581,0.549,1.5,2,0.755,0.352,7.6
POR,Jarron Cumberland,3,12,7.2,0.3,0.7,0.5,0.3,0.3,1,0.5,0,0,,0,0.7
SAC,Jahmi'us Ramsey,19,134,22.2,1.3,3.1,0.414,1,2.1,0.475,0.457,0.4,0.7,0.5,0.241,3.2
SAC,De'Aaron Fox,59,2084,29.1,8.7,18.5,0.473,7.5,14.3,0.524,0.506,4.4,5.9,0.75,0.319,23.2
SAC,Chimezie Metu,60,1279,18.5,3.4,7.5,0.452,2.4,4.4,0.555,0.516,1.2,1.5,0.78,0.203,8.9
SAC,Emmanuel Mudiay,2,11,18.6,0,1,0,0,1,0,0,1.5,2,0.75,2,1.5
SAC,Alex Len,39,620,17.1,2.4,4.5,0.534,2.3,4,0.568,0.551,1.1,1.6,0.651,0.358,6
SAC,Davion Mitchell,75,2076,20.6,4.7,11.2,0.418,3.3,7,0.48,0.477,0.7,1.1,0.659,0.101,11.5
SAC,Richaun Holmes,45,1074,15.8,4.4,6.7,0.66,4.4,6.6,0.664,0.663,1.6,2,0.778,0.3,10.4
SAC,Neemias Queta,15,120,18.4,1.1,2.5,0.447,1.1,2.5,0.447,0.447,0.7,1.1,0.647,0.447,3
SAC,Robert Woodard II,12,42,18.3,0.2,1.3,0.125,0.1,1,0.083,0.156,0.2,0.2,1,0.125,0.6
SAC,Maurice Harkless,47,863,11.2,1.8,3.9,0.459,1.1,1.7,0.65,0.544,0.4,0.6,0.714,0.155,4.6
SAC,Damian Jones,56,1017,16.2,3.1,4.8,0.658,2.9,4.2,0.696,0.677,1.7,2.3,0.718,0.492,8.1
SAC,Louis King,10,104,21.2,1.5,4.7,0.319,0.7,2,0.35,0.404,0.7,1,0.7,0.213,4.5
SAC,Terence Davis,30,536,25.6,3.8,8.9,0.423,2.1,3.9,0.542,0.515,1.2,1.5,0.818,0.165,10.4
SAC,Harrison Barnes,77,2580,18.8,5.1,10.8,0.469,3.2,6.2,0.525,0.554,4.4,5.4,0.826,0.495,16.4
SAC,Ade Murkey,1,1,0,0,0,,0,0,,,0,0,,,0
SAS,Doug McDermott,51,1223,18.3,4.2,9.1,0.462,2.1,4.1,0.512,0.578,0.8,1,0.784,0.11,11.3
SAS,Lonnie Walker IV,70,1612,23.6,4.4,10.9,0.407,2.9,5.9,0.487,0.48,1.7,2.1,0.784,0.194,12.1
SAS,Joshua Primo,50,965,15.4,2,5.4,0.374,1.2,2.7,0.444,0.452,0.9,1.2,0.746,0.219,5.8
SAS,Tre Jones,69,1148,15.6,2.4,4.9,0.49,2.3,4.2,0.542,0.504,1,1.3,0.78,0.268,6
SAS,Dejounte Murray,68,2366,27.3,8.4,18.3,0.462,7,13.9,0.504,0.5,2.9,3.6,0.794,0.199,21.1
SAS,Keldon Johnson,75,2392,21.3,6.3,13.5,0.466,4.2,8.2,0.51,0.545,2.4,3.1,0.756,0.231,17
SAS,Devin Vassell,71,1937,18.9,4.6,10.8,0.427,2.7,5.4,0.492,0.516,1.2,1.4,0.838,0.13,12.3
SAS,Jakob Poeltl,68,1970,18.3,6,9.8,0.618,6,9.7,0.618,0.619,1.4,2.8,0.495,0.287,13.5
SAS,Devontae Cacok,15,121,12.9,1.4,2.1,0.677,1.4,2.1,0.677,0.677,0.3,0.5,0.571,0.226,3.1
SAS,Joe Wieskamp,29,205,13.1,0.7,1.9,0.357,0.2,0.4,0.462,0.482,0.2,0.4,0.538,0.232,2.1
SAS,Anthony Lamb,2,8,10.6,0,1,0,0,0,,0,0,0,,0,0
SAS,Jaylen Morris,3,16,23.1,0,2,0,0,1.3,0,0,0.7,1.3,0.5,0.667,0.7
SAS,Jock Landale,54,589,18.1,1.9,3.8,0.495,1.3,2.1,0.626,0.566,0.6,0.8,0.829,0.201,4.9
SAS,Keita Bates-Diop,59,957,14.8,2.3,4.5,0.517,2,3.5,0.572,0.549,0.8,1,0.754,0.232,5.7
SAS,Thaddeus Young,52,845,17.55,2.7,5.2,0.5215,2.35,4.3,0.5485,0.551,0.45,0.9,0.468,0.18,6.2
SAS,Zach Collins,28,502,19.2,2.7,5.5,0.49,2.2,4.1,0.544,0.535,1.9,2.3,0.8,0.419,7.8
TOR,Chris Boucher,80,1690,17.8,3.4,7.2,0.464,2.5,4.4,0.575,0.523,1.9,2.4,0.777,0.334,9.4
TOR,Isaac Bonga,15,69,11.5,0.2,0.9,0.231,0.1,0.6,0.222,0.269,0.3,0.5,0.625,0.615,0.8
TOR,Justin Champagnie,36,281,12,0.9,1.9,0.463,0.6,1.1,0.538,0.537,0.3,0.3,1,0.134,2.3
TOR,Daniel Oturu,3,27,13,1,2,0.5,1,1.7,0.6,0.5,1,1.7,0.6,0.833,3
TOR,Tremont Waters,3,50,13.7,1.25,4,0.375,0.75,1.75,0.4165,0.4165,0,0,,0,3
TOR,Gary Trent Jr.,70,2448,21.8,6.4,15.5,0.414,3.4,7.7,0.445,0.511,2.5,2.9,0.853,0.188,18.3
TOR,Sam Dekker,1,1,0,0,0,,0,0,,,0,0,,,0
TOR,Scottie Barnes,74,2617,19,6.2,12.6,0.492,5.4,10,0.543,0.524,2.1,2.9,0.735,0.231,15.3
TOR,Precious Achiuwa,73,1725,18.5,3.6,8.3,0.439,2.9,6.1,0.468,0.486,1.1,1.8,0.595,0.217,9.1
TOR,David Johnson,2,2,21.4,0,0.5,0,0,0,,0,0,0,,0,0
TOR,Malachi Flynn,44,537,16.5,1.6,4.2,0.393,1,2.1,0.452,0.475,0.3,0.5,0.625,0.131,4.3
TOR,Yuta Watanabe,38,445,16.8,1.5,3.6,0.406,0.8,1.6,0.492,0.504,0.6,1.1,0.6,0.29,4.3
TOR,D.J. Wilson,4,54,17,2.8,3.8,0.733,2.8,3.3,0.846,0.733,2,2.5,0.8,0.667,7.5
TOR,Svi Mykhailiuk,56,716,16.9,1.6,4.2,0.389,0.9,1.8,0.5,0.476,0.6,0.7,0.865,0.158,4.6
TOR,OG Anunoby,48,1728,20.5,6.4,14.5,0.443,4,7.9,0.511,0.526,1.9,2.5,0.754,0.169,17.1
TOR,Pascal Siakam,68,2578,25.8,8.8,17.8,0.494,7.7,14.5,0.527,0.525,4.2,5.6,0.749,0.314,22.8
TOR,Dalano Banton,64,696,16.9,1.3,3.2,0.411,1.1,2.4,0.464,0.443,0.4,0.7,0.591,0.218,3.2
TOR,Fred VanVleet,65,2462,23.7,6.8,16.9,0.403,3.1,7,0.44,0.513,3,3.4,0.874,0.202,20.3
TOR,Khem Birch,55,991,11.2,1.8,3.6,0.485,1.8,3.4,0.522,0.485,1,1.3,0.746,0.355,4.5
UTA,Zylan Cheatham,1,5,26.1,0,3,0,0,1,0,0,0,0,,0,0
UTA,Trent Forrest,60,765,12.8,1.3,2.6,0.49,1.2,2.1,0.555,0.506,0.6,0.8,0.792,0.31,3.3
UTA,Rudy Gobert,66,2120,16.9,5.5,7.7,0.713,5.5,7.6,0.718,0.713,4.6,6.7,0.69,0.864,15.6
UTA,Royce O'Neale,77,2406,9.9,2.6,5.8,0.457,1.1,1.8,0.609,0.591,0.6,0.7,0.804,0.126,7.4
UTA,Donovan Mitchell,67,2266,32.9,9.2,20.5,0.448,5.7,10.8,0.533,0.533,4,4.7,0.853,0.227,25.9
UTA,Jordan Clarkson,79,2141,26.8,5.9,14.1,0.419,3.5,6.5,0.535,0.504,1.8,2.2,0.828,0.156,16
UTA,Bojan Bogdanović,69,2131,23.7,6.1,13.4,0.455,3.5,6.7,0.524,0.552,3.2,3.8,0.858,0.28,18.1
UTA,Udoka Azubuike,17,195,14.7,2.2,2.9,0.755,2.2,2.9,0.755,0.755,0.4,0.6,0.545,0.224,4.7
UTA,Miye Oni,16,44,10.3,0.1,0.6,0.222,0.1,0.1,1,0.278,0,0.1,0,0.111,0.3
UTA,Eric Paschall,58,737,17.7,2,4.1,0.485,1.3,2.2,0.583,0.57,1.1,1.5,0.767,0.366,5.8
UTA,Jared Butler,42,360,23.1,1.5,3.6,0.404,0.8,1.5,0.524,0.497,0.3,0.4,0.688,0.106,3.8
UTA,Rudy Gay,55,1038,19.3,2.9,6.9,0.414,1.6,3.2,0.494,0.507,1.1,1.4,0.785,0.208,8.1
UTA,Norvel Pelle,3,19,16,1,1.7,0.6,1,1.7,0.6,0.6,0,0,,0,2
UTA,Mike Conley,72,2058,20.9,4.8,11,0.435,2.4,5.2,0.464,0.542,1.8,2.3,0.796,0.205,13.7
UTA,Joe Ingles,45,1122,13.2,2.6,6.3,0.404,0.8,1.3,0.617,0.54,0.4,0.5,0.773,0.077,7.2
UTA,Hassan Whiteside,65,1162,17.1,3.3,5.1,0.652,3.3,5.1,0.652,0.652,1.6,2.6,0.623,0.506,8.2
WAS,Rui Hachimura,42,943,20.9,4.5,9.1,0.491,3.1,6.1,0.512,0.563,1.1,1.6,0.697,0.173,11.3
WAS,Anthony Gill,44,463,14.4,1.4,2.5,0.569,1.1,1.9,0.578,0.633,1,1.2,0.808,0.477,4.1
WAS,Deni Avdija,82,1984,16.3,3,7.1,0.432,2,3.9,0.525,0.503,1.3,1.7,0.757,0.235,8.4
WAS,Kyle Kuzma,66,2204,24.2,6.4,14.2,0.452,4.5,8.5,0.526,0.52,2.4,3.3,0.712,0.234,17.1
WAS,Kentavious Caldwell-Pope,77,2329,19,4.7,10.8,0.435,2.6,5.5,0.48,0.531,1.8,2,0.89,0.186,13.2
WAS,Daniel Gafford,72,1444,16.7,4,5.7,0.693,4,5.7,0.695,0.693,1.5,2.1,0.699,0.372,9.4
WAS,Corey Kispert,77,1801,14.6,3,6.7,0.455,1.6,2.5,0.629,0.564,0.7,0.8,0.871,0.121,8.2
WAS,Thomas Bryant,27,439,18.7,2.9,5.5,0.52,2.4,3.9,0.613,0.561,1.3,1.5,0.875,0.27,7.4
WAS,Raul Neto,70,1372,18.4,2.9,6.3,0.463,2.4,4.6,0.526,0.502,1.2,1.5,0.769,0.245,7.5
WAS,Jordan Goodwin,2,6,22.2,0,1.5,0,0,1,0,0,0,0,,0,0
WAS,Cassius Winston,7,39,18,0.6,1.6,0.364,0.3,0.7,0.4,0.455,0.6,0.6,1,0.364,2
WAS,Joel Ayayi,7,20,13.3,0.1,0.9,0.167,0.1,0.7,0.2,0.167,0,0,,0,0.3
WAS,Jaime Echenique,1,3,0,0,0,,0,0,,,0,0,,,0
WAS,Jordan Schakel,4,30,19.1,0.3,2.8,0.091,0,1.3,0,0.136,0.5,0.5,1,0.182,1.3
WAS,Bradley Beal,40,1439,30.8,8.7,19.3,0.451,7.1,14,0.508,0.492,4.2,5.1,0.833,0.263,23.2
WAS,Isaiah Todd,12,74,19.6,0.6,2.2,0.269,0.3,0.8,0.3,0.346,0.2,0.5,0.333,0.231,1.7
WAS,Craig Sword,3,19,11.7,1,1.3,0.75,1,1,1,0.75,0,0,,0,2
